{"cameraMode":{"drawMode":0,"name":"Shaded","section":"Shading Mode"},"sceneLighting":false,"audioPlay":false,"sceneViewState":{"m_AlwaysRefresh":false,"showFog":true,"showSkybox":false,"showFlares":true,"showImageEffects":true,"showParticleSystems":true,"showVisualEffectGraphs":true,"m_FxEnabled":true},"in2DMode":false,"pivot":{"x":20.10099983215332,"y":1.9900000095367432,"z":-23.469999313354493},"rotation":{"x":0.18688417971134187,"y":0.10031337291002274,"z":-0.019202541559934617,"w":0.9770117402076721},"size":0.4216189980506897,"orthographic":false}