{"cameraMode":{"drawMode":0,"name":"Shaded","section":"Shading Mode"},"sceneLighting":false,"audioPlay":false,"sceneViewState":{"m_AlwaysRefresh":false,"showFog":true,"showSkybox":false,"showFlares":true,"showImageEffects":true,"showParticleSystems":true,"showVisualEffectGraphs":true,"m_FxEnabled":true},"in2DMode":false,"pivot":{"x":-6.160678863525391,"y":3.984994649887085,"z":-11.048094749450684},"rotation":{"x":0.033377207815647128,"y":0.6952354907989502,"z":-0.032352086156606677,"w":0.7172750234603882},"size":0.5429508686065674,"orthographic":false}