{"cameraMode":{"drawMode":0,"name":"Shaded","section":"Shading Mode"},"sceneLighting":false,"audioPlay":false,"sceneViewState":{"m_AlwaysRefresh":false,"showFog":true,"showSkybox":true,"showFlares":true,"showImageEffects":true,"showParticleSystems":true,"showVisualEffectGraphs":true,"m_FxEnabled":true},"in2DMode":false,"pivot":{"x":22.013734817504884,"y":2.761737585067749,"z":24.57244873046875},"rotation":{"x":-0.00263151153922081,"y":0.9849866628646851,"z":-0.17161504924297334,"w":-0.014786371029913426},"size":0.7646464109420776,"orthographic":false}